T factor,H factor,PM2.5 factor,Pearson
0.783,0.541,0.247,0.5612225397173637
0.641,0.708,0.166,0.4882795970285187
