T factor,H factor,AQI factor,PM2.5 factor,Pearson
0.9081,0.5134,0.2508,0.5467,0.5176454268663728
0.6476,0.1471,0.0045,0.0188,0.7446840758769081
